﻿Name,corrAns,Tones,Tonekind
train_wave_low_0.wav,l,"[336, 336, 379]","[1, 1, 1]"
train_wave_low_1.wav,l,"[298, 427, 427]","[1, 1, 1]"
train_wave_high_0.wav,h,"[877, 612, 690]","[2, 2, 2]"
train_wave_high_1.wav,h,"[778, 778, 778]","[2, 2, 2]"
train_wave_low_2.wav,l,"[336, 298, 298]","[1, 1, 1]"
train_wave_high_2.wav,h,"[877, 612, 690]","[2, 2, 2]"
train_wave_high_3.wav,h,"[877, 877, 877]","[2, 2, 2]"
train_wave_high_4.wav,h,"[690, 778, 778]","[2, 2, 2]"
train_wave_low_3.wav,l,"[379, 427, 379]","[1, 1, 1]"
train_wave_low_4.wav,l,"[427, 336, 379]","[1, 1, 1]"
train_wave_high_5.wav,h,"[690, 690, 690]","[2, 2, 2]"
train_wave_high_6.wav,h,"[877, 877, 877]","[2, 2, 2]"
train_wave_low_5.wav,l,"[336, 336, 336]","[1, 1, 1]"
train_wave_high_7.wav,h,"[427, 877, 877]","[2, 2, 2]"
train_wave_low_6.wav,l,"[298, 379, 298]","[1, 1, 1]"
train_wave_low_7.wav,l,"[427, 427, 427]","[1, 1, 1]"
train_wave_high_8.wav,h,"[877, 612, 877]","[2, 2, 2]"
train_wave_high_9.wav,h,"[612, 690, 612]","[2, 2, 2]"
train_wave_high_10.wav,h,"[778, 778, 690]","[2, 2, 2]"
train_wave_low_8.wav,l,"[427, 379, 298]","[1, 1, 1]"
train_wave_high_11.wav,h,"[778, 877, 612]","[2, 2, 2]"
train_wave_low_9.wav,l,"[379, 336, 336]","[1, 1, 1]"
train_wave_low_10.wav,l,"[336, 298, 427]","[1, 1, 1]"
train_wave_high_25.wav,h,"[543, 612, 778]","[2, 2, 2]"
train_wave_low_11.wav,l,"[298, 298, 379]","[1, 1, 1]"
train_wave_low_12.wav,l,"[336, 298, 379]","[1, 1, 1]"
train_wave_high_12.wav,h,"[90, 543, 989]","[0, 2, 2]"
train_wave_high_13.wav,h,"[778, 778, 612]","[2, 2, 0]"
train_wave_low_13.wav,l,"[90, 543, 185]","[0, 0, 0]"
train_wave_low_14.wav,l,"[336, 482, 379]","[0, 0, 1]"
train_wave_high_14.wav,h,"[690, 1114, 690]","[2, 2, 2]"
train_wave_low_15.wav,l,"[427, 2287, 265]","[1, 0, 1]"
train_wave_low_16.wav,l,"[298, 482, 185]","[1, 1, 0]"
train_wave_high_15.wav,h,"[543, 778, 778]","[2, 2, 2]"
train_wave_high_16.wav,h,"[1256, 690, 336]","[2, 2, 0]"
train_wave_high_17.wav,h,"[877, 778, 208]","[2, 2, 0]"
train_wave_low_17.wav,l,"[235, 298, 298]","[0, 1, 1]"
train_wave_high_18.wav,h,"[1256, 612, 379]","[2, 0, 0]"
train_wave_high_19.wav,h,"[877, 877, 989]","[2, 2, 2]"
train_wave_low_18.wav,l,"[379, 543, 265]","[1, 1, 1]"
train_wave_high_20.wav,h,"[778, 989, 989]","[2, 2, 2]"
train_wave_low_19.wav,l,"[427, 379, 690]","[1, 1, 0]"
train_wave_low_20.wav,l,"[336, 778, 2287]","[1, 0, 0]"
train_wave_high_21.wav,h,"[612, 1114, 778]","[2, 2, 0]"
train_wave_low_21.wav,l,"[379, 336, 298]","[1, 1, 1]"
train_wave_high_22.wav,h,"[482, 1256, 690]","[2, 0, 2]"
train_wave_high_23.wav,h,"[1256, 989, 543]","[0, 2, 2]"
train_wave_high_24.wav,h,"[989, 690, 690]","[2, 2, 2]"
train_wave_high_26.wav,h,"[482, 690, 612]","[2, 2, 2]"
train_wave_high_27.wav,h,"[612, 877, 877]","[0, 2, 0]"
train_wave_low_22.wav,l,"[379, 298, 265]","[1, 1, 1]"
train_wave_low_23.wav,l,"[989, 265, 379]","[0, 1, 1]"
train_wave_high_28.wav,h,"[1256, 690, 877]","[2, 2, 2]"
train_wave_high_29.wav,h,"[778, 2906, 612]","[2, 0, 2]"
train_wave_high_30.wav,h,"[690, 778, 114]","[2, 2, 0]"
train_wave_low_24.wav,l,"[2906, 298, 379]","[0, 1, 1]"
train_wave_high_31.wav,h,"[690, 612, 690]","[2, 2, 2]"
train_wave_low_25.wav,l,"[265, 265, 336]","[1, 1, 1]"
train_wave_high_32.wav,h,"[690, 778, 989]","[2, 2, 2]"
train_wave_high_33.wav,h,"[427, 690, 336]","[2, 2, 0]"
train_wave_high_34.wav,h,"[690, 989, 690]","[2, 0, 2]"
train_wave_high_35.wav,h,"[690, 690, 1416]","[2, 2, 2]"
train_wave_high_36.wav,h,"[379, 778, 1114]","[0, 2, 0]"
train_wave_low_26.wav,l,"[1800, 265, 1416]","[0, 1, 0]"
train_wave_low_27.wav,l,"[208, 265, 336]","[1, 1, 1]"
train_wave_low_28.wav,l,"[482, 265, 482]","[1, 1, 1]"
train_wave_high_37.wav,h,"[690, 778, 778]","[0, 2, 2]"
train_wave_low_29.wav,l,"[129, 336, 298]","[0, 1, 1]"
train_wave_low_30.wav,l,"[1256, 298, 129]","[0, 0, 0]"
train_wave_high_38.wav,h,"[2578, 877, 336]","[0, 2, 2]"
train_wave_low_31.wav,l,"[298, 336, 379]","[1, 1, 1]"
train_wave_high_39.wav,h,"[114, 778, 877]","[0, 2, 2]"
train_wave_high_40.wav,h,"[612, 235, 612]","[2, 0, 2]"
train_wave_low_32.wav,l,"[482, 778, 379]","[1, 0, 1]"
train_wave_low_33.wav,l,"[379, 265, 298]","[1, 1, 1]"
train_wave_high_41.wav,h,"[1114, 690, 778]","[0, 2, 2]"
train_wave_low_34.wav,l,"[379, 482, 336]","[1, 1, 1]"
train_wave_low_35.wav,l,"[379, 379, 336]","[1, 1, 1]"
train_wave_low_36.wav,l,"[379, 298, 129]","[1, 1, 0]"
train_wave_high_42.wav,h,"[612, 482, 690]","[2, 2, 2]"
train_wave_high_43.wav,h,"[989, 612, 690]","[2, 2, 2]"
train_wave_low_37.wav,l,"[379, 379, 482]","[1, 1, 1]"
train_wave_high_44.wav,h,"[543, 612, 2029]","[0, 2, 0]"
train_wave_low_38.wav,l,"[482, 298, 379]","[0, 1, 0]"
train_wave_high_45.wav,h,"[690, 336, 612]","[2, 0, 2]"
train_wave_high_46.wav,h,"[989, 1114, 114]","[2, 0, 0]"
train_wave_high_47.wav,h,"[2029, 1114, 482]","[0, 2, 2]"
train_wave_high_48.wav,h,"[543, 989, 379]","[2, 2, 0]"
train_wave_low_39.wav,l,"[427, 336, 164]","[1, 1, 0]"
train_wave_high_49.wav,h,"[612, 145, 778]","[2, 0, 2]"
train_wave_low_40.wav,l,"[2029, 298, 379]","[0, 1, 1]"
train_wave_high_50.wav,h,"[690, 778, 612]","[2, 2, 2]"
train_wave_low_41.wav,l,"[336, 543, 379]","[1, 1, 1]"
train_wave_low_42.wav,l,"[336, 379, 336]","[1, 1, 1]"
train_wave_low_43.wav,l,"[265, 427, 543]","[1, 1, 1]"
train_wave_high_51.wav,h,"[612, 612, 778]","[2, 2, 2]"
train_wave_high_52.wav,h,"[690, 778, 298]","[2, 2, 0]"
train_wave_high_53.wav,h,"[1596, 235, 612]","[0, 0, 2]"
train_wave_low_44.wav,l,"[336, 336, 612]","[1, 0, 1]"
train_wave_high_54.wav,h,"[989, 2906, 778]","[2, 0, 2]"
test_wave_low_0.wav,l,"[427, 336, 145]","[1, 1, 1]"
test_wave_low_1.wav,l,"[427, 2906, 298]","[0, 0, 1]"
test_wave_low_2.wav,l,"[298, 336, 164]","[1, 1, 0]"
test_wave_high_0.wav,h,"[877, 543, 690]","[2, 2, 2]"
test_wave_low_3.wav,l,"[298, 298, 1800]","[1, 1, 0]"
test_wave_low_4.wav,l,"[298, 427, 265]","[1, 1, 0]"
test_wave_low_5.wav,l,"[265, 612, 379]","[1, 1, 1]"
test_wave_high_1.wav,h,"[690, 690, 989]","[0, 2, 2]"
test_wave_high_2.wav,h,"[778, 778, 877]","[2, 2, 2]"
test_wave_high_3.wav,h,"[265, 690, 778]","[0, 0, 2]"
test_wave_low_6.wav,l,"[612, 1256, 427]","[1, 0, 1]"
test_wave_high_4.wav,h,"[482, 543, 778]","[2, 2, 2]"
test_wave_high_5.wav,h,"[690, 778, 877]","[2, 2, 2]"
test_wave_low_7.wav,l,"[482, 427, 265]","[1, 1, 1]"
test_wave_low_8.wav,l,"[336, 612, 379]","[1, 1, 0]"
test_wave_high_6.wav,h,"[989, 1114, 690]","[2, 2, 2]"
test_wave_high_7.wav,h,"[989, 1416, 543]","[2, 0, 2]"
test_wave_low_9.wav,l,"[336, 612, 235]","[0, 0, 1]"
test_wave_high_8.wav,h,"[989, 690, 208]","[2, 2, 0]"
test_wave_high_9.wav,h,"[482, 690, 989]","[0, 2, 2]"
test_wave_high_10.wav,h,"[778, 129, 690]","[2, 0, 2]"
test_wave_low_10.wav,l,"[1416, 379, 336]","[0, 1, 1]"
test_wave_low_11.wav,l,"[379, 101, 298]","[1, 0, 0]"
test_wave_low_12.wav,l,"[336, 1416, 379]","[1, 0, 1]"
test_wave_high_11.wav,h,"[690, 989, 989]","[2, 2, 2]"
test_wave_high_12.wav,h,"[778, 101, 877]","[2, 0, 2]"
test_wave_low_40.wav,l,"[336, 336, 1256]","[1, 1, 0]"
test_wave_high_13.wav,h,"[101, 164, 690]","[0, 0, 2]"
test_wave_high_16.wav,h,"[690, 543, 427]","[2, 2, 0]"
test_wave_high_17.wav,h,"[298, 877, 612]","[0, 0, 2]"
test_wave_low_13.wav,l,"[164, 482, 379]","[0, 1, 1]"
test_wave_low_14.wav,l,"[2029, 235, 336]","[0, 1, 1]"
test_wave_high_18.wav,h,"[778, 1256, 2906]","[2, 0, 0]"
test_wave_high_19.wav,h,"[1114, 482, 778]","[2, 2, 0]"
test_wave_low_15.wav,l,"[427, 265, 336]","[1, 1, 1]"
test_wave_high_20.wav,h,"[690, 543, 690]","[2, 2, 2]"
test_wave_high_21.wav,h,"[778, 543, 90]","[2, 0, 0]"
test_wave_high_22.wav,h,"[235, 1800, 690]","[0, 0, 2]"
test_wave_high_23.wav,h,"[1416, 427, 2287]","[0, 0, 0]"
test_wave_low_16.wav,l,"[298, 612, 379]","[1, 0, 1]"
test_wave_low_17.wav,l,"[90, 482, 336]","[0, 1, 1]"
test_wave_low_18.wav,l,"[265, 129, 265]","[1, 0, 1]"
test_wave_high_24.wav,h,"[690, 989, 877]","[2, 2, 2]"
test_wave_high_25.wav,h,"[778, 877, 877]","[2, 2, 2]"
test_wave_low_19.wav,l,"[336, 482, 235]","[1, 1, 1]"
test_wave_low_20.wav,l,"[298, 379, 185]","[1, 0, 1]"
test_wave_low_21.wav,l,"[379, 482, 427]","[1, 1, 1]"
test_wave_high_15.wav,h,"[208, 336, 612]","[0, 0, 2]"
test_wave_low_22.wav,l,"[265, 164, 185]","[1, 0, 0]"
test_wave_low_23.wav,l,"[208, 427, 235]","[1, 1, 1]"
test_wave_high_26.wav,h,"[1256, 778, 298]","[2, 2, 0]"
test_wave_low_24.wav,l,"[298, 482, 427]","[1, 1, 1]"
test_wave_low_25.wav,l,"[379, 612, 482]","[1, 0, 1]"
test_wave_low_26.wav,l,"[336, 145, 336]","[1, 0, 1]"
test_wave_high_14.wav,h,"[778, 778, 778]","[2, 0, 2]"
test_wave_low_27.wav,l,"[427, 482, 336]","[1, 1, 1]"
test_wave_low_28.wav,l,"[427, 482, 427]","[1, 1, 1]"
test_wave_low_30.wav,l,"[336, 336, 379]","[1, 1, 1]"
test_wave_high_27.wav,h,"[778, 1416, 877]","[2, 0, 2]"
test_wave_high_28.wav,h,"[2578, 989, 101]","[0, 2, 0]"
test_wave_high_30.wav,h,"[877, 778, 612]","[2, 2, 2]"
test_wave_low_31.wav,l,"[145, 877, 482]","[0, 0, 1]"
test_wave_low_32.wav,l,"[427, 235, 989]","[1, 0, 0]"
test_wave_high_31.wav,h,"[612, 1416, 1114]","[2, 0, 2]"
test_wave_high_32.wav,h,"[298, 482, 543]","[0, 2, 2]"
test_wave_high_33.wav,h,"[877, 778, 2287]","[2, 2, 0]"
test_wave_low_29.wav,l,"[1596, 427, 379]","[0, 1, 1]"
test_wave_high_34.wav,h,"[1256, 877, 690]","[2, 2, 2]"
test_wave_high_35.wav,h,"[877, 265, 690]","[2, 0, 2]"
test_wave_high_36.wav,h,"[90, 2578, 2029]","[0, 0, 0]"
test_wave_low_33.wav,l,"[2287, 235, 185]","[0, 1, 0]"
test_wave_high_37.wav,h,"[989, 2029, 612]","[2, 0, 0]"
test_wave_low_34.wav,l,"[1256, 612, 298]","[0, 0, 1]"
test_wave_high_38.wav,h,"[543, 877, 989]","[2, 2, 2]"
test_wave_high_39.wav,h,"[379, 612, 778]","[0, 2, 2]"
test_wave_high_40.wav,h,"[543, 877, 2906]","[2, 2, 0]"
test_wave_high_41.wav,h,"[379, 877, 129]","[0, 2, 0]"
test_wave_low_35.wav,l,"[482, 482, 336]","[1, 1, 1]"
test_wave_high_42.wav,h,"[690, 989, 90]","[2, 2, 0]"
test_wave_low_36.wav,l,"[379, 2906, 265]","[1, 0, 0]"
test_wave_low_37.wav,l,"[336, 298, 482]","[1, 1, 1]"
test_wave_high_43.wav,h,"[778, 208, 690]","[2, 0, 2]"
test_wave_low_38.wav,l,"[379, 265, 336]","[1, 1, 1]"
test_wave_low_39.wav,l,"[612, 427, 336]","[0, 1, 1]"
test_wave_low_41.wav,l,"[185, 336, 185]","[0, 1, 0]"
test_wave_low_42.wav,l,"[427, 379, 1596]","[1, 1, 0]"
test_wave_high_44.wav,h,"[482, 543, 336]","[2, 2, 0]"
test_wave_high_45.wav,h,"[989, 336, 612]","[2, 0, 2]"
test_wave_high_46.wav,h,"[114, 778, 877]","[0, 2, 2]"
test_wave_high_47.wav,h,"[543, 778, 612]","[2, 2, 2]"
test_wave_low_43.wav,l,"[208, 164, 298]","[0, 0, 1]"
test_wave_high_48.wav,h,"[612, 482, 1256]","[2, 0, 0]"
test_wave_high_49.wav,h,"[690, 690, 482]","[2, 2, 2]"
test_wave_high_29.wav,h,"[379, 427, 543]","[2, 0, 0]"
test_wave_high_50.wav,h,"[877, 90, 690]","[2, 0, 2]"
test_wave_high_51.wav,h,"[235, 235, 778]","[0, 0, 2]"
test_wave_low_44.wav,l,"[427, 379, 298]","[1, 1, 1]"
test_wave_high_52.wav,h,"[379, 690, 778]","[0, 2, 2]"
test_wave_low_45.wav,l,"[482, 336, 336]","[1, 1, 1]"
test_wave_high_53.wav,h,"[543, 612, 778]","[2, 2, 2]"
test_wave_high_54.wav,h,"[185, 612, 612]","[0, 2, 2]"
test_wave_low_46.wav,l,"[379, 543, 336]","[1, 1, 1]"
test_wave_low_47.wav,l,"[427, 379, 1256]","[1, 1, 0]"
test_wave_high_55.wav,h,"[877, 690, 114]","[2, 2, 0]"
test_wave_high_56.wav,h,"[690, 612, 427]","[2, 2, 0]"
test_wave_low_48.wav,l,"[235, 1596, 265]","[1, 0, 1]"
test_wave_high_57.wav,h,"[778, 543, 690]","[2, 2, 2]"
test_wave_low_49.wav,l,"[265, 379, 427]","[1, 1, 1]"
test_wave_high_58.wav,h,"[778, 877, 482]","[2, 2, 2]"
test_wave_high_59.wav,h,"[690, 778, 877]","[2, 2, 2]"
test_wave_high_60.wav,h,"[114, 543, 1114]","[0, 2, 2]"
test_wave_high_61.wav,h,"[612, 90, 778]","[2, 0, 2]"
test_wave_low_50.wav,l,"[235, 336, 612]","[1, 1, 1]"
test_wave_high_62.wav,h,"[2578, 129, 877]","[0, 0, 2]"
test_wave_low_51.wav,l,"[336, 778, 1416]","[0, 0, 0]"
test_wave_low_52.wav,l,"[2287, 427, 379]","[0, 0, 1]"
test_wave_high_63.wav,h,"[690, 612, 379]","[2, 2, 2]"
test_wave_low_53.wav,l,"[298, 265, 1416]","[1, 1, 0]"
test_wave_low_54.wav,l,"[298, 336, 208]","[1, 1, 1]"
test_wave_low_55.wav,l,"[298, 612, 101]","[0, 0, 0]"
test_wave_high_64.wav,h,"[877, 778, 482]","[2, 2, 2]"
test_wave_low_56.wav,l,"[482, 298, 336]","[0, 1, 1]"
test_wave_low_57.wav,l,"[877, 1800, 427]","[0, 0, 0]"
test_wave_low_58.wav,l,"[379, 1416, 336]","[1, 0, 1]"
test_wave_high_65.wav,h,"[877, 612, 690]","[2, 2, 0]"
test_wave_low_59.wav,l,"[336, 265, 379]","[1, 1, 1]"
test_wave_high_66.wav,h,"[778, 877, 543]","[2, 2, 2]"
test_wave_high_67.wav,h,"[690, 612, 690]","[2, 2, 2]"
test_wave_low_60.wav,l,"[379, 543, 1800]","[1, 0, 0]"
test_wave_low_61.wav,l,"[185, 265, 208]","[0, 1, 0]"
test_wave_high_68.wav,h,"[989, 690, 612]","[2, 2, 0]"
test_wave_high_69.wav,h,"[690, 543, 778]","[2, 0, 2]"
test_wave_high_70.wav,h,"[1416, 543, 427]","[0, 0, 2]"
test_wave_low_62.wav,l,"[612, 427, 427]","[0, 1, 0]"
test_wave_high_71.wav,h,"[336, 877, 1114]","[0, 2, 2]"
test_wave_high_72.wav,h,"[543, 482, 877]","[2, 0, 2]"
test_wave_high_73.wav,h,"[778, 612, 379]","[2, 2, 0]"
test_wave_low_63.wav,l,"[379, 379, 298]","[1, 0, 0]"
test_wave_low_64.wav,l,"[298, 336, 482]","[1, 1, 1]"
test_wave_low_65.wav,l,"[336, 336, 877]","[1, 1, 0]"
test_wave_low_66.wav,l,"[427, 482, 379]","[1, 1, 0]"
test_wave_high_74.wav,h,"[164, 877, 1596]","[0, 0, 0]"
test_wave_low_67.wav,l,"[379, 298, 185]","[1, 0, 0]"
test_wave_high_75.wav,h,"[778, 778, 778]","[2, 2, 2]"
test_wave_low_68.wav,l,"[298, 265, 298]","[1, 0, 1]"
test_wave_low_69.wav,l,"[185, 336, 379]","[0, 1, 1]"
test_wave_high_76.wav,h,"[235, 778, 482]","[0, 2, 2]"
test_wave_high_77.wav,h,"[482, 90, 101]","[2, 0, 0]"
test_wave_low_70.wav,l,"[336, 90, 298]","[1, 0, 0]"
test_wave_low_71.wav,l,"[129, 2287, 145]","[0, 0, 0]"
test_wave_high_78.wav,h,"[877, 2287, 1800]","[2, 0, 0]"
test_wave_high_79.wav,h,"[778, 778, 612]","[2, 2, 2]"
test_wave_low_72.wav,l,"[379, 379, 427]","[0, 1, 1]"
test_wave_high_80.wav,h,"[690, 690, 1256]","[2, 2, 0]"
test_wave_high_81.wav,h,"[612, 877, 877]","[2, 2, 2]"
test_wave_low_73.wav,l,"[379, 778, 265]","[1, 0, 1]"
test_wave_low_74.wav,l,"[543, 379, 336]","[1, 1, 1]"
test_wave_low_75.wav,l,"[379, 379, 265]","[1, 1, 1]"
test_wave_low_77.wav,l,"[482, 482, 265]","[1, 1, 1]"
test_wave_low_78.wav,l,"[298, 427, 208]","[1, 1, 0]"
test_wave_high_82.wav,h,"[482, 1416, 690]","[2, 2, 2]"
test_wave_high_83.wav,h,"[877, 690, 1256]","[2, 2, 2]"
test_wave_low_79.wav,l,"[2287, 298, 336]","[0, 1, 1]"
test_wave_high_84.wav,h,"[1416, 690, 690]","[0, 2, 2]"
test_wave_high_85.wav,h,"[1256, 114, 1800]","[2, 0, 0]"
test_wave_low_80.wav,l,"[265, 336, 336]","[1, 1, 1]"
test_wave_high_86.wav,h,"[989, 2906, 145]","[2, 0, 0]"
test_wave_low_81.wav,l,"[298, 336, 989]","[1, 1, 0]"
test_wave_high_87.wav,h,"[877, 543, 1114]","[2, 2, 0]"
test_wave_low_82.wav,l,"[379, 1596, 612]","[1, 0, 0]"
test_wave_high_88.wav,h,"[2029, 427, 427]","[0, 2, 0]"
test_wave_high_89.wav,h,"[877, 90, 778]","[2, 0, 2]"
test_wave_high_90.wav,h,"[877, 690, 612]","[2, 2, 2]"
test_wave_low_83.wav,l,"[427, 336, 379]","[1, 1, 1]"
test_wave_high_91.wav,h,"[265, 543, 612]","[0, 0, 2]"
test_wave_high_92.wav,h,"[543, 90, 612]","[2, 0, 2]"
test_wave_high_93.wav,h,"[612, 1416, 1800]","[2, 0, 0]"
test_wave_low_76.wav,l,"[543, 379, 379]","[1, 1, 1]"
test_wave_high_94.wav,h,"[989, 690, 1800]","[2, 2, 0]"
test_wave_low_84.wav,l,"[427, 482, 336]","[1, 1, 1]"
test_wave_high_95.wav,h,"[877, 482, 2578]","[2, 2, 0]"
test_wave_low_85.wav,l,"[2287, 1416, 427]","[0, 0, 1]"
test_wave_high_96.wav,h,"[778, 1114, 778]","[2, 2, 2]"
test_wave_low_86.wav,l,"[379, 379, 379]","[1, 1, 0]"
test_wave_low_87.wav,l,"[2578, 690, 482]","[0, 0, 1]"
test_wave_high_97.wav,h,"[482, 778, 877]","[0, 2, 2]"
test_wave_high_98.wav,h,"[612, 612, 543]","[2, 2, 2]"
test_wave_low_88.wav,l,"[612, 265, 379]","[1, 1, 1]"
test_wave_high_99.wav,h,"[482, 543, 690]","[2, 0, 2]"
test_wave_low_89.wav,l,"[145, 379, 427]","[0, 0, 1]"
test_wave_high_100.wav,h,"[2906, 1114, 877]","[0, 2, 2]"
test_wave_high_101.wav,h,"[129, 877, 208]","[0, 2, 0]"
test_wave_high_102.wav,h,"[989, 989, 612]","[2, 2, 2]"
test_wave_low_90.wav,l,"[427, 778, 379]","[1, 0, 1]"
test_wave_low_91.wav,l,"[379, 989, 298]","[1, 0, 1]"
test_wave_low_92.wav,l,"[1114, 543, 298]","[0, 1, 1]"
test_wave_high_103.wav,h,"[114, 543, 690]","[0, 2, 2]"
test_wave_low_93.wav,l,"[298, 482, 336]","[1, 1, 1]"
test_wave_low_94.wav,l,"[543, 482, 482]","[1, 1, 1]"
test_wave_high_104.wav,h,"[427, 543, 690]","[2, 2, 0]"
test_wave_low_95.wav,l,"[379, 482, 690]","[1, 1, 0]"
test_wave_low_96.wav,l,"[298, 101, 298]","[0, 0, 1]"
test_wave_high_105.wav,h,"[778, 612, 877]","[2, 2, 2]"
test_wave_high_106.wav,h,"[265, 1416, 543]","[0, 0, 0]"
test_wave_high_107.wav,h,"[298, 778, 877]","[0, 2, 2]"
test_wave_low_97.wav,l,"[298, 265, 778]","[1, 1, 0]"
test_wave_high_108.wav,h,"[2906, 877, 778]","[0, 2, 2]"
test_wave_high_109.wav,h,"[2287, 690, 543]","[0, 0, 0]"
test_wave_high_110.wav,h,"[1596, 612, 778]","[0, 2, 2]"
test_wave_high_112.wav,h,"[1114, 543, 690]","[0, 2, 0]"
test_wave_high_113.wav,h,"[1596, 543, 185]","[0, 2, 0]"
test_wave_low_98.wav,l,"[336, 298, 265]","[1, 1, 1]"
test_wave_high_114.wav,h,"[877, 877, 543]","[2, 2, 2]"
test_wave_high_115.wav,h,"[1416, 336, 235]","[0, 0, 0]"
test_wave_low_99.wav,l,"[336, 235, 336]","[1, 1, 1]"
test_wave_high_116.wav,h,"[778, 1416, 690]","[2, 2, 2]"
test_wave_high_117.wav,h,"[612, 1596, 989]","[2, 0, 0]"
test_wave_low_100.wav,l,"[379, 543, 379]","[1, 0, 1]"
test_wave_low_101.wav,l,"[2906, 2578, 336]","[0, 0, 0]"
test_wave_low_102.wav,l,"[379, 265, 778]","[1, 1, 1]"
test_wave_high_118.wav,h,"[877, 690, 482]","[2, 2, 2]"
test_wave_high_119.wav,h,"[690, 612, 877]","[2, 2, 2]"
test_wave_high_120.wav,h,"[778, 778, 989]","[2, 2, 2]"
test_wave_high_121.wav,h,"[877, 778, 129]","[2, 2, 0]"
test_wave_low_103.wav,l,"[1114, 482, 427]","[0, 1, 1]"
test_wave_low_104.wav,l,"[778, 379, 379]","[0, 1, 1]"
test_wave_high_122.wav,h,"[612, 877, 690]","[2, 2, 0]"
test_wave_high_123.wav,h,"[543, 612, 778]","[2, 2, 2]"
test_wave_high_125.wav,h,"[877, 482, 2578]","[2, 2, 0]"
test_wave_high_127.wav,h,"[989, 114, 1256]","[2, 0, 2]"
test_wave_low_152.wav,l,"[427, 427, 336]","[0, 1, 1]"
test_wave_high_128.wav,h,"[690, 778, 185]","[2, 2, 0]"
test_wave_high_129.wav,h,"[690, 877, 2287]","[2, 2, 0]"
test_wave_low_105.wav,l,"[235, 298, 336]","[1, 1, 0]"
test_wave_high_130.wav,h,"[989, 2906, 690]","[2, 0, 2]"
test_wave_low_106.wav,l,"[336, 778, 543]","[1, 0, 1]"
test_wave_low_107.wav,l,"[298, 336, 482]","[1, 1, 0]"
test_wave_high_131.wav,h,"[612, 690, 90]","[2, 0, 0]"
test_wave_high_132.wav,h,"[164, 612, 612]","[0, 2, 2]"
test_wave_low_108.wav,l,"[164, 235, 298]","[0, 0, 1]"
test_wave_high_111.wav,h,"[612, 778, 778]","[2, 2, 2]"
test_wave_low_109.wav,l,"[90, 298, 265]","[0, 1, 1]"
test_wave_low_110.wav,l,"[298, 129, 336]","[1, 0, 1]"
test_wave_low_111.wav,l,"[427, 1416, 298]","[1, 0, 1]"
test_wave_low_112.wav,l,"[298, 298, 379]","[1, 1, 1]"
test_wave_high_133.wav,h,"[690, 690, 336]","[2, 2, 0]"
test_wave_low_113.wav,l,"[543, 543, 235]","[1, 0, 0]"
test_wave_low_114.wav,l,"[265, 336, 265]","[1, 1, 0]"
test_wave_low_115.wav,l,"[235, 482, 427]","[1, 1, 1]"
test_wave_high_134.wav,h,"[336, 778, 778]","[0, 2, 2]"
test_wave_low_116.wav,l,"[298, 101, 298]","[1, 0, 1]"
test_wave_low_117.wav,l,"[427, 336, 543]","[1, 1, 1]"
test_wave_high_135.wav,h,"[164, 612, 778]","[0, 2, 2]"
test_wave_high_136.wav,h,"[612, 2578, 690]","[2, 0, 2]"
test_wave_low_118.wav,l,"[336, 1416, 877]","[1, 0, 0]"
test_wave_low_119.wav,l,"[336, 208, 185]","[1, 0, 0]"
test_wave_high_137.wav,h,"[612, 1114, 877]","[2, 0, 2]"
test_wave_high_138.wav,h,"[1114, 1114, 543]","[2, 0, 2]"
test_wave_low_120.wav,l,"[265, 1416, 336]","[1, 0, 0]"
test_wave_low_121.wav,l,"[427, 379, 379]","[1, 1, 1]"
test_wave_low_122.wav,l,"[379, 336, 379]","[1, 1, 0]"
test_wave_low_123.wav,l,"[1256, 379, 336]","[0, 1, 1]"
test_wave_high_139.wav,h,"[877, 543, 482]","[2, 2, 0]"
test_wave_low_124.wav,l,"[235, 427, 379]","[1, 1, 1]"
test_wave_low_125.wav,l,"[2578, 379, 336]","[0, 1, 1]"
test_wave_low_126.wav,l,"[379, 336, 427]","[1, 1, 1]"
test_wave_high_124.wav,h,"[1114, 612, 145]","[2, 2, 0]"
test_wave_low_127.wav,l,"[379, 1596, 235]","[1, 0, 1]"
test_wave_low_128.wav,l,"[336, 90, 778]","[1, 0, 0]"
test_wave_high_140.wav,h,"[989, 1114, 690]","[2, 2, 2]"
test_wave_high_141.wav,h,"[145, 612, 612]","[0, 2, 2]"
test_wave_low_129.wav,l,"[1114, 1256, 235]","[0, 0, 0]"
test_wave_low_130.wav,l,"[379, 482, 208]","[1, 1, 1]"
test_wave_low_131.wav,l,"[379, 298, 101]","[1, 1, 0]"
test_wave_high_126.wav,h,"[612, 612, 778]","[2, 0, 2]"
test_wave_low_132.wav,l,"[298, 543, 208]","[1, 0, 0]"
test_wave_low_133.wav,l,"[543, 427, 379]","[1, 1, 1]"
test_wave_low_134.wav,l,"[427, 265, 298]","[1, 1, 1]"
test_wave_low_136.wav,l,"[427, 2578, 2906]","[1, 0, 0]"
test_wave_high_142.wav,h,"[235, 427, 877]","[0, 0, 0]"
test_wave_high_143.wav,h,"[543, 778, 877]","[2, 2, 2]"
test_wave_high_144.wav,h,"[1596, 543, 482]","[0, 2, 0]"
test_wave_low_135.wav,l,"[336, 336, 265]","[1, 1, 1]"
test_wave_high_145.wav,h,"[235, 877, 778]","[0, 2, 2]"
test_wave_high_146.wav,h,"[877, 298, 989]","[2, 0, 2]"
test_wave_low_137.wav,l,"[1800, 379, 1800]","[0, 1, 0]"
test_wave_low_138.wav,l,"[482, 427, 778]","[1, 1, 0]"
test_wave_high_147.wav,h,"[778, 1114, 1114]","[2, 2, 2]"
test_wave_low_139.wav,l,"[778, 208, 298]","[0, 0, 1]"
test_wave_high_148.wav,h,"[690, 690, 612]","[2, 2, 2]"
test_wave_low_140.wav,l,"[482, 298, 2029]","[0, 1, 0]"
test_wave_high_149.wav,h,"[2029, 90, 778]","[0, 0, 2]"
test_wave_high_150.wav,h,"[778, 543, 543]","[2, 2, 2]"
test_wave_low_141.wav,l,"[2287, 427, 379]","[0, 1, 1]"
test_wave_high_151.wav,h,"[877, 778, 877]","[0, 2, 2]"
test_wave_high_152.wav,h,"[208, 877, 690]","[0, 2, 2]"
test_wave_low_142.wav,l,"[379, 265, 379]","[1, 1, 1]"
test_wave_high_153.wav,h,"[877, 989, 543]","[2, 2, 2]"
test_wave_high_154.wav,h,"[690, 1416, 1596]","[2, 0, 0]"
test_wave_low_143.wav,l,"[543, 336, 482]","[0, 0, 1]"
test_wave_high_155.wav,h,"[129, 482, 877]","[0, 2, 2]"
test_wave_low_144.wav,l,"[379, 90, 778]","[1, 0, 0]"
test_wave_low_145.wav,l,"[336, 298, 427]","[1, 1, 1]"
test_wave_high_156.wav,h,"[612, 778, 778]","[2, 2, 2]"
test_wave_high_157.wav,h,"[482, 690, 612]","[2, 2, 2]"
test_wave_low_146.wav,l,"[379, 145, 482]","[1, 0, 1]"
test_wave_high_158.wav,h,"[129, 482, 101]","[0, 2, 0]"
test_wave_low_147.wav,l,"[298, 427, 427]","[1, 1, 1]"
test_wave_low_148.wav,l,"[298, 427, 336]","[1, 1, 1]"
test_wave_high_159.wav,h,"[690, 877, 482]","[0, 2, 2]"
test_wave_low_149.wav,l,"[235, 336, 877]","[1, 1, 0]"
test_wave_low_150.wav,l,"[427, 427, 1800]","[1, 1, 0]"
test_wave_low_151.wav,l,"[1114, 336, 2906]","[0, 1, 0]"
test_wave_low_153.wav,l,"[427, 298, 379]","[1, 1, 1]"
test_wave_high_160.wav,h,"[612, 690, 612]","[2, 2, 2]"
test_wave_high_161.wav,h,"[1800, 185, 612]","[0, 0, 2]"
test_wave_low_154.wav,l,"[298, 482, 298]","[1, 1, 1]"
test_wave_high_162.wav,h,"[164, 877, 543]","[0, 2, 2]"
test_wave_low_155.wav,l,"[379, 336, 114]","[1, 0, 0]"
test_wave_low_156.wav,l,"[543, 298, 1416]","[1, 1, 0]"
test_wave_high_163.wav,h,"[690, 877, 989]","[2, 2, 2]"
test_wave_low_157.wav,l,"[379, 336, 379]","[1, 1, 1]"
test_wave_high_164.wav,h,"[989, 690, 482]","[0, 2, 0]"
test_wave_low_158.wav,l,"[427, 90, 265]","[1, 0, 1]"
test_wave_high_165.wav,h,"[989, 612, 114]","[2, 2, 0]"
test_wave_low_159.wav,l,"[101, 1256, 265]","[0, 0, 1]"
test_wave_low_160.wav,l,"[427, 145, 379]","[1, 0, 1]"
test_wave_low_161.wav,l,"[2029, 778, 427]","[0, 0, 1]"
test_wave_high_166.wav,h,"[778, 2578, 543]","[2, 0, 2]"
test_wave_low_162.wav,l,"[265, 2029, 543]","[1, 0, 0]"
test_wave_low_163.wav,l,"[379, 298, 2578]","[1, 1, 0]"
test_wave_low_164.wav,l,"[336, 265, 379]","[1, 1, 1]"
test_wave_high_167.wav,h,"[543, 778, 1114]","[2, 2, 2]"
test_wave_low_165.wav,l,"[1800, 612, 336]","[0, 0, 1]"
test_wave_low_166.wav,l,"[265, 265, 298]","[1, 1, 1]"
test_wave_high_168.wav,h,"[690, 612, 778]","[2, 2, 2]"
test_wave_high_188.wav,h,"[690, 690, 778]","[2, 0, 2]"
test_wave_low_167.wav,l,"[427, 427, 379]","[1, 1, 1]"
test_wave_low_168.wav,l,"[235, 427, 543]","[1, 1, 1]"
test_wave_low_169.wav,l,"[379, 265, 778]","[0, 1, 0]"
test_wave_low_170.wav,l,"[208, 379, 336]","[1, 1, 1]"
test_wave_high_169.wav,h,"[1416, 877, 265]","[0, 2, 0]"
test_wave_high_170.wav,h,"[612, 690, 543]","[2, 0, 2]"
test_wave_high_171.wav,h,"[543, 543, 612]","[2, 2, 2]"
test_wave_low_171.wav,l,"[612, 265, 336]","[1, 1, 1]"
test_wave_high_172.wav,h,"[690, 612, 612]","[2, 2, 2]"
test_wave_high_173.wav,h,"[543, 877, 543]","[2, 0, 2]"
test_wave_low_172.wav,l,"[298, 379, 265]","[1, 1, 1]"
test_wave_low_173.wav,l,"[379, 482, 379]","[1, 1, 1]"
test_wave_low_174.wav,l,"[235, 1416, 1416]","[0, 0, 0]"
test_wave_high_174.wav,h,"[543, 336, 989]","[2, 0, 2]"
test_wave_high_175.wav,h,"[877, 989, 877]","[2, 2, 2]"
test_wave_high_176.wav,h,"[690, 690, 543]","[2, 2, 2]"
test_wave_low_175.wav,l,"[336, 101, 427]","[1, 0, 1]"
test_wave_low_176.wav,l,"[185, 336, 379]","[0, 0, 1]"
test_wave_low_177.wav,l,"[379, 379, 265]","[1, 1, 1]"
test_wave_low_178.wav,l,"[2287, 298, 235]","[0, 1, 1]"
test_wave_high_177.wav,h,"[778, 543, 482]","[2, 2, 2]"
test_wave_high_178.wav,h,"[690, 612, 145]","[2, 2, 0]"
test_wave_high_179.wav,h,"[778, 482, 612]","[2, 2, 0]"
test_wave_low_179.wav,l,"[265, 336, 482]","[1, 1, 1]"
test_wave_low_180.wav,l,"[379, 185, 379]","[1, 0, 1]"
test_wave_low_181.wav,l,"[379, 336, 379]","[1, 1, 1]"
test_wave_high_180.wav,h,"[543, 612, 1256]","[2, 2, 0]"
test_wave_high_181.wav,h,"[612, 129, 778]","[2, 0, 2]"
test_wave_low_182.wav,l,"[265, 265, 427]","[1, 1, 1]"
test_wave_low_183.wav,l,"[1416, 427, 90]","[0, 1, 0]"
test_wave_high_182.wav,h,"[543, 114, 543]","[2, 0, 0]"
test_wave_low_184.wav,l,"[336, 265, 482]","[1, 1, 1]"
test_wave_high_183.wav,h,"[778, 265, 877]","[2, 0, 2]"
test_wave_high_184.wav,h,"[612, 612, 612]","[2, 2, 2]"
test_wave_low_185.wav,l,"[612, 379, 482]","[1, 1, 1]"
test_wave_low_186.wav,l,"[482, 482, 1256]","[1, 1, 0]"
test_wave_high_185.wav,h,"[778, 1596, 482]","[0, 0, 0]"
test_wave_low_187.wav,l,"[129, 336, 298]","[0, 1, 1]"
test_wave_high_186.wav,h,"[989, 989, 690]","[2, 2, 2]"
test_wave_high_187.wav,h,"[989, 543, 1800]","[2, 2, 0]"
test_wave_high_189.wav,h,"[690, 543, 2029]","[2, 2, 0]"
test_wave_low_188.wav,l,"[336, 379, 336]","[0, 1, 1]"
test_wave_low_189.wav,l,"[427, 482, 989]","[1, 0, 0]"
test_wave_low_190.wav,l,"[101, 543, 298]","[0, 1, 1]"
test_wave_high_190.wav,h,"[145, 1416, 877]","[0, 0, 2]"
test_wave_low_191.wav,l,"[379, 298, 1416]","[1, 1, 0]"
test_wave_high_191.wav,h,"[114, 877, 2287]","[0, 2, 0]"
test_wave_low_192.wav,l,"[164, 298, 612]","[0, 1, 0]"
test_wave_high_192.wav,h,"[1256, 208, 298]","[0, 0, 0]"
test_wave_low_193.wav,l,"[235, 427, 101]","[1, 1, 0]"
test_wave_high_193.wav,h,"[778, 427, 2029]","[2, 0, 0]"
test_wave_high_194.wav,h,"[690, 778, 543]","[2, 2, 2]"
test_wave_low_194.wav,l,"[336, 298, 379]","[1, 1, 1]"
test_wave_low_195.wav,l,"[265, 336, 543]","[1, 1, 1]"
test_wave_low_196.wav,l,"[1256, 427, 208]","[0, 1, 0]"
test_wave_low_197.wav,l,"[379, 265, 427]","[1, 1, 1]"
test_wave_high_195.wav,h,"[2029, 690, 1800]","[0, 2, 0]"
test_wave_low_198.wav,l,"[690, 2906, 427]","[0, 0, 1]"
test_wave_low_199.wav,l,"[145, 265, 298]","[0, 1, 1]"
test_wave_high_196.wav,h,"[2287, 989, 778]","[0, 2, 2]"
test_wave_high_197.wav,h,"[1114, 778, 543]","[0, 0, 2]"
test_wave_high_198.wav,h,"[877, 612, 185]","[2, 2, 0]"
test_wave_low_200.wav,l,"[543, 265, 379]","[1, 1, 1]"
test_wave_low_201.wav,l,"[336, 379, 208]","[1, 1, 0]"
test_wave_low_202.wav,l,"[427, 379, 2029]","[1, 1, 0]"
test_wave_low_203.wav,l,"[235, 336, 543]","[1, 1, 1]"
test_wave_high_199.wav,h,"[1114, 1114, 612]","[0, 2, 2]"
test_wave_high_200.wav,h,"[427, 543, 90]","[2, 2, 0]"
test_wave_high_201.wav,h,"[690, 690, 379]","[0, 2, 0]"
test_wave_low_204.wav,l,"[543, 543, 427]","[1, 1, 1]"
test_wave_low_205.wav,l,"[427, 482, 265]","[1, 1, 1]"
test_wave_high_202.wav,h,"[778, 690, 2578]","[2, 2, 0]"
test_wave_low_206.wav,l,"[379, 379, 265]","[1, 1, 1]"
test_wave_high_203.wav,h,"[1114, 427, 690]","[2, 2, 2]"
test_wave_low_207.wav,l,"[612, 164, 1256]","[1, 0, 0]"
test_wave_low_208.wav,l,"[265, 164, 612]","[1, 0, 1]"
test_wave_high_204.wav,h,"[690, 2906, 989]","[2, 0, 2]"
test_wave_low_209.wav,l,"[336, 482, 235]","[1, 1, 1]"
test_wave_high_205.wav,h,"[2029, 235, 1256]","[0, 0, 2]"
test_wave_high_206.wav,h,"[1114, 877, 877]","[2, 2, 2]"
test_wave_high_207.wav,h,"[612, 612, 612]","[2, 2, 2]"
test_wave_high_208.wav,h,"[877, 543, 690]","[2, 2, 2]"
test_wave_low_210.wav,l,"[336, 379, 90]","[1, 1, 0]"
test_wave_high_209.wav,h,"[427, 989, 690]","[2, 2, 2]"
test_wave_low_211.wav,l,"[265, 379, 265]","[1, 1, 1]"
test_wave_high_210.wav,h,"[778, 877, 129]","[2, 2, 0]"
test_wave_low_212.wav,l,"[427, 235, 543]","[1, 1, 1]"
test_wave_low_213.wav,l,"[379, 298, 336]","[1, 1, 0]"
test_wave_low_214.wav,l,"[379, 265, 778]","[1, 1, 0]"
test_wave_high_211.wav,h,"[543, 612, 778]","[0, 2, 2]"
test_wave_high_212.wav,h,"[778, 877, 1596]","[2, 2, 0]"
test_wave_low_215.wav,l,"[101, 298, 298]","[0, 1, 1]"
test_wave_low_216.wav,l,"[265, 427, 1256]","[1, 1, 0]"
test_wave_high_213.wav,h,"[427, 778, 778]","[0, 2, 2]"
test_wave_low_217.wav,l,"[427, 379, 482]","[1, 1, 1]"
test_wave_low_218.wav,l,"[101, 427, 336]","[0, 1, 1]"
test_wave_high_214.wav,h,"[877, 690, 1114]","[2, 2, 2]"
test_wave_low_219.wav,l,"[1114, 298, 379]","[0, 1, 1]"
test_wave_low_220.wav,l,"[482, 379, 336]","[1, 1, 1]"
test_wave_high_215.wav,h,"[690, 877, 543]","[2, 2, 2]"
test_wave_low_221.wav,l,"[336, 336, 336]","[1, 1, 1]"
test_wave_low_222.wav,l,"[235, 235, 427]","[1, 1, 1]"
test_wave_high_216.wav,h,"[612, 690, 543]","[2, 2, 2]"
test_wave_low_223.wav,l,"[2578, 145, 690]","[0, 0, 0]"
test_wave_high_217.wav,h,"[778, 164, 612]","[2, 0, 2]"
test_wave_low_224.wav,l,"[543, 379, 379]","[1, 1, 1]"
test_wave_high_218.wav,h,"[612, 690, 989]","[2, 2, 2]"
test_wave_low_225.wav,l,"[379, 379, 778]","[1, 1, 0]"
test_wave_high_219.wav,h,"[690, 543, 543]","[2, 2, 2]"
test_wave_high_220.wav,h,"[1114, 778, 482]","[2, 2, 2]"
test_wave_low_226.wav,l,"[265, 427, 298]","[1, 1, 1]"
test_wave_low_227.wav,l,"[379, 2029, 336]","[1, 0, 1]"
test_wave_low_228.wav,l,"[298, 114, 265]","[1, 0, 1]"
test_wave_low_229.wav,l,"[2578, 336, 427]","[0, 0, 1]"
test_wave_high_221.wav,h,"[989, 778, 690]","[2, 2, 2]"
test_wave_low_230.wav,l,"[427, 379, 235]","[1, 1, 1]"
test_wave_low_231.wav,l,"[690, 235, 379]","[1, 0, 1]"
test_wave_low_232.wav,l,"[379, 612, 336]","[1, 1, 1]"
test_wave_high_222.wav,h,"[2287, 543, 690]","[0, 2, 2]"
test_wave_high_223.wav,h,"[778, 612, 778]","[2, 2, 0]"
test_wave_high_224.wav,h,"[543, 543, 543]","[0, 2, 2]"
test_wave_low_233.wav,l,"[2287, 482, 101]","[0, 1, 0]"
test_wave_high_225.wav,h,"[612, 877, 265]","[2, 2, 0]"
test_wave_low_234.wav,l,"[265, 298, 482]","[1, 1, 1]"
test_wave_high_226.wav,h,"[612, 612, 129]","[2, 2, 0]"
test_wave_low_235.wav,l,"[379, 336, 379]","[1, 1, 1]"
test_wave_high_227.wav,h,"[1114, 690, 298]","[2, 2, 0]"
test_wave_high_228.wav,h,"[1416, 298, 612]","[0, 0, 2]"
test_wave_high_229.wav,h,"[989, 778, 690]","[2, 2, 2]"
test_wave_low_236.wav,l,"[298, 690, 298]","[1, 0, 1]"
test_wave_low_237.wav,l,"[427, 482, 336]","[1, 1, 1]"
test_wave_high_230.wav,h,"[690, 690, 989]","[2, 2, 2]"
test_wave_low_238.wav,l,"[129, 482, 101]","[0, 1, 0]"
test_wave_high_231.wav,h,"[1596, 989, 1114]","[0, 2, 0]"
test_wave_low_239.wav,l,"[298, 2029, 379]","[0, 0, 1]"
test_wave_low_240.wav,l,"[379, 379, 298]","[1, 1, 1]"
test_wave_high_232.wav,h,"[989, 543, 877]","[2, 2, 2]"
test_wave_low_241.wav,l,"[265, 336, 336]","[1, 1, 1]"
test_wave_low_242.wav,l,"[379, 145, 543]","[1, 0, 1]"
test_wave_low_243.wav,l,"[427, 2287, 427]","[1, 0, 1]"
test_wave_low_244.wav,l,"[336, 427, 379]","[1, 1, 1]"
test_wave_low_245.wav,l,"[2906, 336, 265]","[0, 1, 0]"
test_wave_high_233.wav,h,"[235, 482, 778]","[0, 0, 2]"
test_wave_low_246.wav,l,"[482, 114, 1800]","[1, 0, 0]"
test_wave_high_234.wav,h,"[612, 1596, 690]","[2, 0, 2]"
test_wave_high_235.wav,h,"[690, 877, 877]","[2, 2, 2]"
test_wave_high_236.wav,h,"[612, 612, 778]","[2, 2, 2]"
test_wave_high_237.wav,h,"[1596, 877, 482]","[0, 0, 2]"
test_wave_low_247.wav,l,"[482, 298, 336]","[1, 1, 1]"
test_wave_low_248.wav,l,"[298, 482, 379]","[1, 0, 1]"
test_wave_low_249.wav,l,"[379, 145, 379]","[1, 0, 0]"
test_wave_high_238.wav,h,"[298, 877, 612]","[0, 0, 2]"
test_wave_low_250.wav,l,"[427, 1114, 427]","[1, 0, 1]"
test_wave_high_239.wav,h,"[612, 1416, 877]","[0, 0, 2]"
test_wave_high_240.wav,h,"[877, 612, 265]","[2, 2, 0]"
test_wave_low_251.wav,l,"[336, 379, 265]","[1, 1, 1]"
test_wave_high_241.wav,h,"[612, 877, 2287]","[2, 2, 0]"
test_wave_high_242.wav,h,"[1596, 2906, 778]","[0, 0, 2]"
test_wave_high_243.wav,h,"[690, 690, 1114]","[2, 2, 0]"
test_wave_high_244.wav,h,"[2287, 379, 989]","[0, 0, 0]"
test_wave_low_252.wav,l,"[336, 482, 336]","[1, 1, 1]"
test_wave_high_245.wav,h,"[877, 129, 690]","[2, 0, 2]"
test_wave_low_253.wav,l,"[298, 336, 543]","[1, 1, 1]"